window,leakage_ratio,side_lobe_dB,snr_db
rectangular,0.23868458159518352,-6.709677979979823,32.2980585455072
hamming,0.22708533696721,-6.991712330346723,34.996174738608794
hanning,0.2214792987075105,-7.18511571376861,36.740048088502974
