{
  "standard": {
    "test_acc": 0.9286259412765503,
    "acc_male": 0.8838343024253845,
    "acc_female": 0.9683225154876709,
    "gap": 0.08448821306228638
  },
  "fair": {
    "test_acc": 0.932824432849884,
    "acc_male": 0.9008935689926147,
    "acc_female": 0.9611231088638306,
    "gap": 0.06022953987121582
  },
  "lambda_fair": 2.0
}